{"cameraMode":{"drawMode":0,"name":"Shaded","section":"Shading Mode"},"sceneLighting":true,"audioPlay":false,"sceneViewState":{"showFog":true,"showMaterialUpdate":true,"showSkybox":false,"showFlares":true,"showImageEffects":true,"showParticleSystems":true},"in2DMode":false,"pivot":{"x":0.34393182396888735,"y":-0.12312638759613037,"z":1.5622949600219727},"rotation":{"x":-0.013787709176540375,"y":-0.7069723010063171,"z":-0.013787709176540375,"w":0.7069723010063171},"size":1.8115344047546387,"orthographic":true}