{"cameraMode":{"drawMode":0,"name":"Shaded","section":"Shading Mode"},"sceneLighting":false,"audioPlay":false,"sceneViewState":{"showFog":true,"showMaterialUpdate":true,"showSkybox":false,"showFlares":true,"showImageEffects":true,"showParticleSystems":true},"in2DMode":false,"pivot":{"x":0.5098366737365723,"y":-0.7181203365325928,"z":2.6124167442321779},"rotation":{"x":0.009195891208946705,"y":-0.7320318818092346,"z":0.00988302007317543,"w":0.6811355948448181},"size":3.198521375656128,"orthographic":true}