{"cameraMode":{"drawMode":0,"name":"Shaded","section":"Shading Mode"},"sceneLighting":true,"audioPlay":false,"sceneViewState":{"showFog":true,"showMaterialUpdate":true,"showSkybox":false,"showFlares":true,"showImageEffects":true,"showParticleSystems":true},"in2DMode":false,"pivot":{"x":-92.2529296875,"y":16.203414916992189,"z":-204.40469360351563},"rotation":{"x":0.0983777791261673,"y":0.689219057559967,"z":-0.09529770165681839,"w":0.7114892601966858},"size":3.7945396900177,"orthographic":true}