{"cameraMode":{"drawMode":0,"name":"Shaded","section":"Shading Mode"},"sceneLighting":false,"audioPlay":false,"sceneViewState":{"showFog":true,"showMaterialUpdate":true,"showSkybox":false,"showFlares":true,"showImageEffects":true,"showParticleSystems":true},"in2DMode":false,"pivot":{"x":0.030422169715166093,"y":-0.026310786604881288,"z":-0.036780551075935367},"rotation":{"x":0.02248266153037548,"y":-0.7314978241920471,"z":0.024148233234882356,"w":0.6810426115989685},"size":0.2442360669374466,"orthographic":true}