{"cameraMode":{"drawMode":0,"name":"Shaded","section":"Shading Mode"},"sceneLighting":true,"audioPlay":false,"sceneViewState":{"showFog":true,"showMaterialUpdate":true,"showSkybox":false,"showFlares":true,"showImageEffects":true,"showParticleSystems":true},"in2DMode":false,"pivot":{"x":-0.4813646078109741,"y":0.4490792155265808,"z":2.1223273277282717},"rotation":{"x":-0.001039777067489922,"y":-0.7207590937614441,"z":-0.0010811391985043884,"w":0.6931838393211365},"size":1.1986243724822999,"orthographic":true}