{"cameraMode":{"drawMode":0,"name":"Shaded","section":"Shading Mode"},"sceneLighting":true,"audioPlay":false,"sceneViewState":{"showFog":true,"showMaterialUpdate":true,"showSkybox":false,"showFlares":true,"showImageEffects":true,"showParticleSystems":true},"in2DMode":false,"pivot":{"x":-97.16364288330078,"y":11.909369468688965,"z":-192.53506469726563},"rotation":{"x":-0.008520670235157013,"y":-0.7040782570838928,"z":0.008449312299489975,"w":-0.7100220322608948},"size":2.5354044437408449,"orthographic":true}