{"cameraMode":{"drawMode":0,"name":"Shaded","section":"Shading Mode"},"sceneLighting":false,"audioPlay":false,"sceneViewState":{"showFog":true,"showMaterialUpdate":true,"showSkybox":false,"showFlares":true,"showImageEffects":true,"showParticleSystems":true},"in2DMode":false,"pivot":{"x":0.07691416144371033,"y":0.801904022693634,"z":1.7484267950057984},"rotation":{"x":-0.029466189444065095,"y":-0.7117618322372437,"z":-0.02991158328950405,"w":0.7011651992797852},"size":0.49255794286727908,"orthographic":true}