{"cameraMode":{"drawMode":0,"name":"Shaded","section":"Shading Mode"},"sceneLighting":true,"audioPlay":false,"sceneViewState":{"showFog":true,"showMaterialUpdate":true,"showSkybox":false,"showFlares":true,"showImageEffects":true,"showParticleSystems":true},"in2DMode":false,"pivot":{"x":-92.19122314453125,"y":-74.21449279785156,"z":-192.8400115966797},"rotation":{"x":0.0983777791261673,"y":0.689219057559967,"z":-0.09529770165681839,"w":0.7114892601966858},"size":9.527235984802246,"orthographic":true}