{"cameraMode":{"drawMode":0,"name":"Shaded","section":"Shading Mode"},"sceneLighting":true,"audioPlay":false,"sceneViewState":{"showFog":true,"showMaterialUpdate":true,"showSkybox":false,"showFlares":true,"showImageEffects":true,"showParticleSystems":true},"in2DMode":false,"pivot":{"x":-97.48924255371094,"y":12.585594177246094,"z":-192.70680236816407},"rotation":{"x":0.0983777791261673,"y":0.689219057559967,"z":-0.09529770165681839,"w":0.7114892601966858},"size":2.366014242172241,"orthographic":true}